{
    "name": "Global Information",
    "numberOfRequests": {
        "total": 208809,
        "ok": 208312,
        "ko": 497
    },
    "minResponseTime": {
        "total": 0,
        "ok": 0,
        "ko": 30604
    },
    "maxResponseTime": {
        "total": 54242,
        "ok": 54242,
        "ko": 41002
    },
    "meanResponseTime": {
        "total": 89,
        "ok": 3,
        "ko": 36095
    },
    "standardDeviation": {
        "total": 1774,
        "ok": 213,
        "ko": 2025
    },
    "percentiles1": {
        "total": 0,
        "ok": 0,
        "ko": 36216
    },
    "percentiles2": {
        "total": 0,
        "ok": 0,
        "ko": 37062
    },
    "percentiles3": {
        "total": 0,
        "ok": 0,
        "ko": 39361
    },
    "percentiles4": {
        "total": 4,
        "ok": 3,
        "ko": 39738
    },
    "group1": {
        "name": "t < 800 ms",
        "count": 208130,
        "percentage": 100
    },
    "group2": {
        "name": "800 ms < t < 1200 ms",
        "count": 53,
        "percentage": 0
    },
    "group3": {
        "name": "t > 1200 ms",
        "count": 129,
        "percentage": 0
    },
    "group4": {
        "name": "failed",
        "count": 497,
        "percentage": 0
    },
    "meanNumberOfRequestsPerSecond": {
        "total": 751.1115107913669,
        "ok": 749.3237410071943,
        "ko": 1.7877697841726619
    }
}