{
  "type": "GROUP",
"name": "Global Information",
"path": "",
"pathFormatted": "group_missing-name-b06d1",
"stats": {
    "name": "Global Information",
    "numberOfRequests": {
        "total": 208809,
        "ok": 208312,
        "ko": 497
    },
    "minResponseTime": {
        "total": 0,
        "ok": 0,
        "ko": 30604
    },
    "maxResponseTime": {
        "total": 54242,
        "ok": 54242,
        "ko": 41002
    },
    "meanResponseTime": {
        "total": 89,
        "ok": 3,
        "ko": 36095
    },
    "standardDeviation": {
        "total": 1774,
        "ok": 213,
        "ko": 2025
    },
    "percentiles1": {
        "total": 0,
        "ok": 0,
        "ko": 36216
    },
    "percentiles2": {
        "total": 0,
        "ok": 0,
        "ko": 37062
    },
    "percentiles3": {
        "total": 0,
        "ok": 0,
        "ko": 39361
    },
    "percentiles4": {
        "total": 4,
        "ok": 3,
        "ko": 39738
    },
    "group1": {
        "name": "t < 800 ms",
        "count": 208130,
        "percentage": 100
    },
    "group2": {
        "name": "800 ms < t < 1200 ms",
        "count": 53,
        "percentage": 0
    },
    "group3": {
        "name": "t > 1200 ms",
        "count": 129,
        "percentage": 0
    },
    "group4": {
        "name": "failed",
        "count": 497,
        "percentage": 0
    },
    "meanNumberOfRequestsPerSecond": {
        "total": 751.1115107913669,
        "ok": 749.3237410071943,
        "ko": 1.7877697841726619
    }
},
"contents": {
"req_open-websocket-ae989": {
        "type": "REQUEST",
        "name": "Open websocket",
"path": "Open websocket",
"pathFormatted": "req_open-websocket-ae989",
"stats": {
    "name": "Open websocket",
    "numberOfRequests": {
        "total": 2500,
        "ok": 2003,
        "ko": 497
    },
    "minResponseTime": {
        "total": 1,
        "ok": 1,
        "ko": 30604
    },
    "maxResponseTime": {
        "total": 54242,
        "ok": 54242,
        "ko": 41002
    },
    "meanResponseTime": {
        "total": 7401,
        "ok": 281,
        "ko": 36095
    },
    "standardDeviation": {
        "total": 14451,
        "ok": 2155,
        "ko": 2025
    },
    "percentiles1": {
        "total": 24,
        "ok": 10,
        "ko": 36216
    },
    "percentiles2": {
        "total": 1219,
        "ok": 61,
        "ko": 37062
    },
    "percentiles3": {
        "total": 37066,
        "ok": 1475,
        "ko": 39361
    },
    "percentiles4": {
        "total": 39394,
        "ok": 2731,
        "ko": 39738
    },
    "group1": {
        "name": "t < 800 ms",
        "count": 1821,
        "percentage": 73
    },
    "group2": {
        "name": "800 ms < t < 1200 ms",
        "count": 53,
        "percentage": 2
    },
    "group3": {
        "name": "t > 1200 ms",
        "count": 129,
        "percentage": 5
    },
    "group4": {
        "name": "failed",
        "count": 497,
        "percentage": 20
    },
    "meanNumberOfRequestsPerSecond": {
        "total": 8.992805755395683,
        "ok": 7.205035971223022,
        "ko": 1.7877697841726619
    }
}
    },"req_connect-via-sto-aa02d": {
        "type": "REQUEST",
        "name": "Connect via STOMP",
"path": "Connect via STOMP",
"pathFormatted": "req_connect-via-sto-aa02d",
"stats": {
    "name": "Connect via STOMP",
    "numberOfRequests": {
        "total": 2003,
        "ok": 2003,
        "ko": 0
    },
    "minResponseTime": {
        "total": 0,
        "ok": 0,
        "ko": 0
    },
    "maxResponseTime": {
        "total": 0,
        "ok": 0,
        "ko": 0
    },
    "meanResponseTime": {
        "total": 0,
        "ok": 0,
        "ko": 0
    },
    "standardDeviation": {
        "total": 0,
        "ok": 0,
        "ko": 0
    },
    "percentiles1": {
        "total": 0,
        "ok": 0,
        "ko": 0
    },
    "percentiles2": {
        "total": 0,
        "ok": 0,
        "ko": 0
    },
    "percentiles3": {
        "total": 0,
        "ok": 0,
        "ko": 0
    },
    "percentiles4": {
        "total": 0,
        "ok": 0,
        "ko": 0
    },
    "group1": {
        "name": "t < 800 ms",
        "count": 2003,
        "percentage": 100
    },
    "group2": {
        "name": "800 ms < t < 1200 ms",
        "count": 0,
        "percentage": 0
    },
    "group3": {
        "name": "t > 1200 ms",
        "count": 0,
        "percentage": 0
    },
    "group4": {
        "name": "failed",
        "count": 0,
        "percentage": 0
    },
    "meanNumberOfRequestsPerSecond": {
        "total": 7.205035971223022,
        "ok": 7.205035971223022,
        "ko": 0
    }
}
    },"req_subscribe-b2691": {
        "type": "REQUEST",
        "name": "Subscribe",
"path": "Subscribe",
"pathFormatted": "req_subscribe-b2691",
"stats": {
    "name": "Subscribe",
    "numberOfRequests": {
        "total": 2003,
        "ok": 2003,
        "ko": 0
    },
    "minResponseTime": {
        "total": 0,
        "ok": 0,
        "ko": 0
    },
    "maxResponseTime": {
        "total": 0,
        "ok": 0,
        "ko": 0
    },
    "meanResponseTime": {
        "total": 0,
        "ok": 0,
        "ko": 0
    },
    "standardDeviation": {
        "total": 0,
        "ok": 0,
        "ko": 0
    },
    "percentiles1": {
        "total": 0,
        "ok": 0,
        "ko": 0
    },
    "percentiles2": {
        "total": 0,
        "ok": 0,
        "ko": 0
    },
    "percentiles3": {
        "total": 0,
        "ok": 0,
        "ko": 0
    },
    "percentiles4": {
        "total": 0,
        "ok": 0,
        "ko": 0
    },
    "group1": {
        "name": "t < 800 ms",
        "count": 2003,
        "percentage": 100
    },
    "group2": {
        "name": "800 ms < t < 1200 ms",
        "count": 0,
        "percentage": 0
    },
    "group3": {
        "name": "t > 1200 ms",
        "count": 0,
        "percentage": 0
    },
    "group4": {
        "name": "failed",
        "count": 0,
        "percentage": 0
    },
    "meanNumberOfRequestsPerSecond": {
        "total": 7.205035971223022,
        "ok": 7.205035971223022,
        "ko": 0
    }
}
    },"req_send-message-747c6": {
        "type": "REQUEST",
        "name": "Send message",
"path": "Send message",
"pathFormatted": "req_send-message-747c6",
"stats": {
    "name": "Send message",
    "numberOfRequests": {
        "total": 200300,
        "ok": 200300,
        "ko": 0
    },
    "minResponseTime": {
        "total": 0,
        "ok": 0,
        "ko": 0
    },
    "maxResponseTime": {
        "total": 0,
        "ok": 0,
        "ko": 0
    },
    "meanResponseTime": {
        "total": 0,
        "ok": 0,
        "ko": 0
    },
    "standardDeviation": {
        "total": 0,
        "ok": 0,
        "ko": 0
    },
    "percentiles1": {
        "total": 0,
        "ok": 0,
        "ko": 0
    },
    "percentiles2": {
        "total": 0,
        "ok": 0,
        "ko": 0
    },
    "percentiles3": {
        "total": 0,
        "ok": 0,
        "ko": 0
    },
    "percentiles4": {
        "total": 0,
        "ok": 0,
        "ko": 0
    },
    "group1": {
        "name": "t < 800 ms",
        "count": 200300,
        "percentage": 100
    },
    "group2": {
        "name": "800 ms < t < 1200 ms",
        "count": 0,
        "percentage": 0
    },
    "group3": {
        "name": "t > 1200 ms",
        "count": 0,
        "percentage": 0
    },
    "group4": {
        "name": "failed",
        "count": 0,
        "percentage": 0
    },
    "meanNumberOfRequestsPerSecond": {
        "total": 720.5035971223022,
        "ok": 720.5035971223022,
        "ko": 0
    }
}
    },"req_close-ws-0b669": {
        "type": "REQUEST",
        "name": "Close WS",
"path": "Close WS",
"pathFormatted": "req_close-ws-0b669",
"stats": {
    "name": "Close WS",
    "numberOfRequests": {
        "total": 2003,
        "ok": 2003,
        "ko": 0
    },
    "minResponseTime": {
        "total": 0,
        "ok": 0,
        "ko": 0
    },
    "maxResponseTime": {
        "total": 59,
        "ok": 59,
        "ko": 0
    },
    "meanResponseTime": {
        "total": 3,
        "ok": 3,
        "ko": 0
    },
    "standardDeviation": {
        "total": 4,
        "ok": 4,
        "ko": 0
    },
    "percentiles1": {
        "total": 2,
        "ok": 2,
        "ko": 0
    },
    "percentiles2": {
        "total": 3,
        "ok": 3,
        "ko": 0
    },
    "percentiles3": {
        "total": 7,
        "ok": 7,
        "ko": 0
    },
    "percentiles4": {
        "total": 16,
        "ok": 16,
        "ko": 0
    },
    "group1": {
        "name": "t < 800 ms",
        "count": 2003,
        "percentage": 100
    },
    "group2": {
        "name": "800 ms < t < 1200 ms",
        "count": 0,
        "percentage": 0
    },
    "group3": {
        "name": "t > 1200 ms",
        "count": 0,
        "percentage": 0
    },
    "group4": {
        "name": "failed",
        "count": 0,
        "percentage": 0
    },
    "meanNumberOfRequestsPerSecond": {
        "total": 7.205035971223022,
        "ok": 7.205035971223022,
        "ko": 0
    }
}
    }
}

}