{
    "name": "Global Information",
    "numberOfRequests": {
        "total": 206970,
        "ok": 206960,
        "ko": 10
    },
    "minResponseTime": {
        "total": 0,
        "ok": 0,
        "ko": 23079
    },
    "maxResponseTime": {
        "total": 25549,
        "ok": 25232,
        "ko": 25549
    },
    "meanResponseTime": {
        "total": 31,
        "ok": 30,
        "ko": 23854
    },
    "standardDeviation": {
        "total": 708,
        "ok": 688,
        "ko": 813
    },
    "percentiles1": {
        "total": 0,
        "ok": 0,
        "ko": 23514
    },
    "percentiles2": {
        "total": 0,
        "ok": 0,
        "ko": 24177
    },
    "percentiles3": {
        "total": 0,
        "ok": 0,
        "ko": 25344
    },
    "percentiles4": {
        "total": 9,
        "ok": 8,
        "ko": 25508
    },
    "group1": {
        "name": "t < 800 ms",
        "count": 205991,
        "percentage": 100
    },
    "group2": {
        "name": "800 ms < t < 1200 ms",
        "count": 161,
        "percentage": 0
    },
    "group3": {
        "name": "t > 1200 ms",
        "count": 808,
        "percentage": 0
    },
    "group4": {
        "name": "failed",
        "count": 10,
        "percentage": 0
    },
    "meanNumberOfRequestsPerSecond": {
        "total": 995.0480769230769,
        "ok": 995.0,
        "ko": 0.04807692307692308
    }
}