{
  "type": "GROUP",
"name": "Global Information",
"path": "",
"pathFormatted": "group_missing-name-b06d1",
"stats": {
    "name": "Global Information",
    "numberOfRequests": {
        "total": 206970,
        "ok": 206960,
        "ko": 10
    },
    "minResponseTime": {
        "total": 0,
        "ok": 0,
        "ko": 23079
    },
    "maxResponseTime": {
        "total": 25549,
        "ok": 25232,
        "ko": 25549
    },
    "meanResponseTime": {
        "total": 31,
        "ok": 30,
        "ko": 23854
    },
    "standardDeviation": {
        "total": 708,
        "ok": 688,
        "ko": 813
    },
    "percentiles1": {
        "total": 0,
        "ok": 0,
        "ko": 23514
    },
    "percentiles2": {
        "total": 0,
        "ok": 0,
        "ko": 24177
    },
    "percentiles3": {
        "total": 0,
        "ok": 0,
        "ko": 25344
    },
    "percentiles4": {
        "total": 9,
        "ok": 8,
        "ko": 25508
    },
    "group1": {
        "name": "t < 800 ms",
        "count": 205991,
        "percentage": 100
    },
    "group2": {
        "name": "800 ms < t < 1200 ms",
        "count": 161,
        "percentage": 0
    },
    "group3": {
        "name": "t > 1200 ms",
        "count": 808,
        "percentage": 0
    },
    "group4": {
        "name": "failed",
        "count": 10,
        "percentage": 0
    },
    "meanNumberOfRequestsPerSecond": {
        "total": 995.0480769230769,
        "ok": 995.0,
        "ko": 0.04807692307692308
    }
},
"contents": {
"req_open-websocket-ae989": {
        "type": "REQUEST",
        "name": "Open websocket",
"path": "Open websocket",
"pathFormatted": "req_open-websocket-ae989",
"stats": {
    "name": "Open websocket",
    "numberOfRequests": {
        "total": 2000,
        "ok": 1990,
        "ko": 10
    },
    "minResponseTime": {
        "total": 4,
        "ok": 4,
        "ko": 23079
    },
    "maxResponseTime": {
        "total": 25549,
        "ok": 25232,
        "ko": 25549
    },
    "meanResponseTime": {
        "total": 3256,
        "ok": 3152,
        "ko": 23854
    },
    "standardDeviation": {
        "total": 6434,
        "ok": 6281,
        "ko": 813
    },
    "percentiles1": {
        "total": 747,
        "ok": 737,
        "ko": 23514
    },
    "percentiles2": {
        "total": 2234,
        "ok": 2212,
        "ko": 24177
    },
    "percentiles3": {
        "total": 22426,
        "ok": 21715,
        "ko": 25344
    },
    "percentiles4": {
        "total": 24698,
        "ok": 24660,
        "ko": 25508
    },
    "group1": {
        "name": "t < 800 ms",
        "count": 1021,
        "percentage": 51
    },
    "group2": {
        "name": "800 ms < t < 1200 ms",
        "count": 161,
        "percentage": 8
    },
    "group3": {
        "name": "t > 1200 ms",
        "count": 808,
        "percentage": 40
    },
    "group4": {
        "name": "failed",
        "count": 10,
        "percentage": 1
    },
    "meanNumberOfRequestsPerSecond": {
        "total": 9.615384615384615,
        "ok": 9.567307692307692,
        "ko": 0.04807692307692308
    }
}
    },"req_connect-via-sto-aa02d": {
        "type": "REQUEST",
        "name": "Connect via STOMP",
"path": "Connect via STOMP",
"pathFormatted": "req_connect-via-sto-aa02d",
"stats": {
    "name": "Connect via STOMP",
    "numberOfRequests": {
        "total": 1990,
        "ok": 1990,
        "ko": 0
    },
    "minResponseTime": {
        "total": 0,
        "ok": 0,
        "ko": 0
    },
    "maxResponseTime": {
        "total": 0,
        "ok": 0,
        "ko": 0
    },
    "meanResponseTime": {
        "total": 0,
        "ok": 0,
        "ko": 0
    },
    "standardDeviation": {
        "total": 0,
        "ok": 0,
        "ko": 0
    },
    "percentiles1": {
        "total": 0,
        "ok": 0,
        "ko": 0
    },
    "percentiles2": {
        "total": 0,
        "ok": 0,
        "ko": 0
    },
    "percentiles3": {
        "total": 0,
        "ok": 0,
        "ko": 0
    },
    "percentiles4": {
        "total": 0,
        "ok": 0,
        "ko": 0
    },
    "group1": {
        "name": "t < 800 ms",
        "count": 1990,
        "percentage": 100
    },
    "group2": {
        "name": "800 ms < t < 1200 ms",
        "count": 0,
        "percentage": 0
    },
    "group3": {
        "name": "t > 1200 ms",
        "count": 0,
        "percentage": 0
    },
    "group4": {
        "name": "failed",
        "count": 0,
        "percentage": 0
    },
    "meanNumberOfRequestsPerSecond": {
        "total": 9.567307692307692,
        "ok": 9.567307692307692,
        "ko": 0
    }
}
    },"req_subscribe-b2691": {
        "type": "REQUEST",
        "name": "Subscribe",
"path": "Subscribe",
"pathFormatted": "req_subscribe-b2691",
"stats": {
    "name": "Subscribe",
    "numberOfRequests": {
        "total": 1990,
        "ok": 1990,
        "ko": 0
    },
    "minResponseTime": {
        "total": 0,
        "ok": 0,
        "ko": 0
    },
    "maxResponseTime": {
        "total": 0,
        "ok": 0,
        "ko": 0
    },
    "meanResponseTime": {
        "total": 0,
        "ok": 0,
        "ko": 0
    },
    "standardDeviation": {
        "total": 0,
        "ok": 0,
        "ko": 0
    },
    "percentiles1": {
        "total": 0,
        "ok": 0,
        "ko": 0
    },
    "percentiles2": {
        "total": 0,
        "ok": 0,
        "ko": 0
    },
    "percentiles3": {
        "total": 0,
        "ok": 0,
        "ko": 0
    },
    "percentiles4": {
        "total": 0,
        "ok": 0,
        "ko": 0
    },
    "group1": {
        "name": "t < 800 ms",
        "count": 1990,
        "percentage": 100
    },
    "group2": {
        "name": "800 ms < t < 1200 ms",
        "count": 0,
        "percentage": 0
    },
    "group3": {
        "name": "t > 1200 ms",
        "count": 0,
        "percentage": 0
    },
    "group4": {
        "name": "failed",
        "count": 0,
        "percentage": 0
    },
    "meanNumberOfRequestsPerSecond": {
        "total": 9.567307692307692,
        "ok": 9.567307692307692,
        "ko": 0
    }
}
    },"req_send-message-747c6": {
        "type": "REQUEST",
        "name": "Send message",
"path": "Send message",
"pathFormatted": "req_send-message-747c6",
"stats": {
    "name": "Send message",
    "numberOfRequests": {
        "total": 199000,
        "ok": 199000,
        "ko": 0
    },
    "minResponseTime": {
        "total": 0,
        "ok": 0,
        "ko": 0
    },
    "maxResponseTime": {
        "total": 0,
        "ok": 0,
        "ko": 0
    },
    "meanResponseTime": {
        "total": 0,
        "ok": 0,
        "ko": 0
    },
    "standardDeviation": {
        "total": 0,
        "ok": 0,
        "ko": 0
    },
    "percentiles1": {
        "total": 0,
        "ok": 0,
        "ko": 0
    },
    "percentiles2": {
        "total": 0,
        "ok": 0,
        "ko": 0
    },
    "percentiles3": {
        "total": 0,
        "ok": 0,
        "ko": 0
    },
    "percentiles4": {
        "total": 0,
        "ok": 0,
        "ko": 0
    },
    "group1": {
        "name": "t < 800 ms",
        "count": 199000,
        "percentage": 100
    },
    "group2": {
        "name": "800 ms < t < 1200 ms",
        "count": 0,
        "percentage": 0
    },
    "group3": {
        "name": "t > 1200 ms",
        "count": 0,
        "percentage": 0
    },
    "group4": {
        "name": "failed",
        "count": 0,
        "percentage": 0
    },
    "meanNumberOfRequestsPerSecond": {
        "total": 956.7307692307693,
        "ok": 956.7307692307693,
        "ko": 0
    }
}
    },"req_close-ws-0b669": {
        "type": "REQUEST",
        "name": "Close WS",
"path": "Close WS",
"pathFormatted": "req_close-ws-0b669",
"stats": {
    "name": "Close WS",
    "numberOfRequests": {
        "total": 1990,
        "ok": 1990,
        "ko": 0
    },
    "minResponseTime": {
        "total": 0,
        "ok": 0,
        "ko": 0
    },
    "maxResponseTime": {
        "total": 51,
        "ok": 51,
        "ko": 0
    },
    "meanResponseTime": {
        "total": 3,
        "ok": 3,
        "ko": 0
    },
    "standardDeviation": {
        "total": 4,
        "ok": 4,
        "ko": 0
    },
    "percentiles1": {
        "total": 2,
        "ok": 2,
        "ko": 0
    },
    "percentiles2": {
        "total": 3,
        "ok": 3,
        "ko": 0
    },
    "percentiles3": {
        "total": 7,
        "ok": 7,
        "ko": 0
    },
    "percentiles4": {
        "total": 20,
        "ok": 20,
        "ko": 0
    },
    "group1": {
        "name": "t < 800 ms",
        "count": 1990,
        "percentage": 100
    },
    "group2": {
        "name": "800 ms < t < 1200 ms",
        "count": 0,
        "percentage": 0
    },
    "group3": {
        "name": "t > 1200 ms",
        "count": 0,
        "percentage": 0
    },
    "group4": {
        "name": "failed",
        "count": 0,
        "percentage": 0
    },
    "meanNumberOfRequestsPerSecond": {
        "total": 9.567307692307692,
        "ok": 9.567307692307692,
        "ko": 0
    }
}
    }
}

}