{
    "name": "Global Information",
    "numberOfRequests": {
        "total": 207485,
        "ok": 207480,
        "ko": 5
    },
    "minResponseTime": {
        "total": 0,
        "ok": 0,
        "ko": 12459
    },
    "maxResponseTime": {
        "total": 58598,
        "ok": 58598,
        "ko": 12672
    },
    "meanResponseTime": {
        "total": 115,
        "ok": 115,
        "ko": 12564
    },
    "standardDeviation": {
        "total": 1597,
        "ok": 1596,
        "ko": 85
    },
    "percentiles1": {
        "total": 0,
        "ok": 0,
        "ko": 12531
    },
    "percentiles2": {
        "total": 0,
        "ok": 0,
        "ko": 12657
    },
    "percentiles3": {
        "total": 0,
        "ok": 0,
        "ko": 12669
    },
    "percentiles4": {
        "total": 27,
        "ok": 27,
        "ko": 12671
    },
    "group1": {
        "name": "t < 800 ms",
        "count": 205485,
        "percentage": 99
    },
    "group2": {
        "name": "800 ms < t < 1200 ms",
        "count": 0,
        "percentage": 0
    },
    "group3": {
        "name": "t > 1200 ms",
        "count": 1995,
        "percentage": 1
    },
    "group4": {
        "name": "failed",
        "count": 5,
        "percentage": 0
    },
    "meanNumberOfRequestsPerSecond": {
        "total": 918.0752212389381,
        "ok": 918.0530973451328,
        "ko": 0.022123893805309734
    }
}