{
  "type": "GROUP",
"name": "Global Information",
"path": "",
"pathFormatted": "group_missing-name-b06d1",
"stats": {
    "name": "Global Information",
    "numberOfRequests": {
        "total": 207485,
        "ok": 207480,
        "ko": 5
    },
    "minResponseTime": {
        "total": 0,
        "ok": 0,
        "ko": 12459
    },
    "maxResponseTime": {
        "total": 58598,
        "ok": 58598,
        "ko": 12672
    },
    "meanResponseTime": {
        "total": 115,
        "ok": 115,
        "ko": 12564
    },
    "standardDeviation": {
        "total": 1597,
        "ok": 1596,
        "ko": 85
    },
    "percentiles1": {
        "total": 0,
        "ok": 0,
        "ko": 12531
    },
    "percentiles2": {
        "total": 0,
        "ok": 0,
        "ko": 12657
    },
    "percentiles3": {
        "total": 0,
        "ok": 0,
        "ko": 12669
    },
    "percentiles4": {
        "total": 27,
        "ok": 27,
        "ko": 12671
    },
    "group1": {
        "name": "t < 800 ms",
        "count": 205485,
        "percentage": 99
    },
    "group2": {
        "name": "800 ms < t < 1200 ms",
        "count": 0,
        "percentage": 0
    },
    "group3": {
        "name": "t > 1200 ms",
        "count": 1995,
        "percentage": 1
    },
    "group4": {
        "name": "failed",
        "count": 5,
        "percentage": 0
    },
    "meanNumberOfRequestsPerSecond": {
        "total": 918.0752212389381,
        "ok": 918.0530973451328,
        "ko": 0.022123893805309734
    }
},
"contents": {
"req_open-websocket-ae989": {
        "type": "REQUEST",
        "name": "Open websocket",
"path": "Open websocket",
"pathFormatted": "req_open-websocket-ae989",
"stats": {
    "name": "Open websocket",
    "numberOfRequests": {
        "total": 2000,
        "ok": 1995,
        "ko": 5
    },
    "minResponseTime": {
        "total": 2305,
        "ok": 2305,
        "ko": 12459
    },
    "maxResponseTime": {
        "total": 58598,
        "ok": 58598,
        "ko": 12672
    },
    "meanResponseTime": {
        "total": 11956,
        "ok": 11954,
        "ko": 12564
    },
    "standardDeviation": {
        "total": 11093,
        "ok": 11107,
        "ko": 85
    },
    "percentiles1": {
        "total": 9774,
        "ok": 9773,
        "ko": 12531
    },
    "percentiles2": {
        "total": 12394,
        "ok": 12371,
        "ko": 12657
    },
    "percentiles3": {
        "total": 41324,
        "ok": 42610,
        "ko": 12669
    },
    "percentiles4": {
        "total": 57441,
        "ok": 57442,
        "ko": 12671
    },
    "group1": {
        "name": "t < 800 ms",
        "count": 0,
        "percentage": 0
    },
    "group2": {
        "name": "800 ms < t < 1200 ms",
        "count": 0,
        "percentage": 0
    },
    "group3": {
        "name": "t > 1200 ms",
        "count": 1995,
        "percentage": 100
    },
    "group4": {
        "name": "failed",
        "count": 5,
        "percentage": 0
    },
    "meanNumberOfRequestsPerSecond": {
        "total": 8.849557522123893,
        "ok": 8.827433628318584,
        "ko": 0.022123893805309734
    }
}
    },"req_connect-via-sto-aa02d": {
        "type": "REQUEST",
        "name": "Connect via STOMP",
"path": "Connect via STOMP",
"pathFormatted": "req_connect-via-sto-aa02d",
"stats": {
    "name": "Connect via STOMP",
    "numberOfRequests": {
        "total": 1995,
        "ok": 1995,
        "ko": 0
    },
    "minResponseTime": {
        "total": 0,
        "ok": 0,
        "ko": 0
    },
    "maxResponseTime": {
        "total": 0,
        "ok": 0,
        "ko": 0
    },
    "meanResponseTime": {
        "total": 0,
        "ok": 0,
        "ko": 0
    },
    "standardDeviation": {
        "total": 0,
        "ok": 0,
        "ko": 0
    },
    "percentiles1": {
        "total": 0,
        "ok": 0,
        "ko": 0
    },
    "percentiles2": {
        "total": 0,
        "ok": 0,
        "ko": 0
    },
    "percentiles3": {
        "total": 0,
        "ok": 0,
        "ko": 0
    },
    "percentiles4": {
        "total": 0,
        "ok": 0,
        "ko": 0
    },
    "group1": {
        "name": "t < 800 ms",
        "count": 1995,
        "percentage": 100
    },
    "group2": {
        "name": "800 ms < t < 1200 ms",
        "count": 0,
        "percentage": 0
    },
    "group3": {
        "name": "t > 1200 ms",
        "count": 0,
        "percentage": 0
    },
    "group4": {
        "name": "failed",
        "count": 0,
        "percentage": 0
    },
    "meanNumberOfRequestsPerSecond": {
        "total": 8.827433628318584,
        "ok": 8.827433628318584,
        "ko": 0
    }
}
    },"req_subscribe-b2691": {
        "type": "REQUEST",
        "name": "Subscribe",
"path": "Subscribe",
"pathFormatted": "req_subscribe-b2691",
"stats": {
    "name": "Subscribe",
    "numberOfRequests": {
        "total": 1995,
        "ok": 1995,
        "ko": 0
    },
    "minResponseTime": {
        "total": 0,
        "ok": 0,
        "ko": 0
    },
    "maxResponseTime": {
        "total": 0,
        "ok": 0,
        "ko": 0
    },
    "meanResponseTime": {
        "total": 0,
        "ok": 0,
        "ko": 0
    },
    "standardDeviation": {
        "total": 0,
        "ok": 0,
        "ko": 0
    },
    "percentiles1": {
        "total": 0,
        "ok": 0,
        "ko": 0
    },
    "percentiles2": {
        "total": 0,
        "ok": 0,
        "ko": 0
    },
    "percentiles3": {
        "total": 0,
        "ok": 0,
        "ko": 0
    },
    "percentiles4": {
        "total": 0,
        "ok": 0,
        "ko": 0
    },
    "group1": {
        "name": "t < 800 ms",
        "count": 1995,
        "percentage": 100
    },
    "group2": {
        "name": "800 ms < t < 1200 ms",
        "count": 0,
        "percentage": 0
    },
    "group3": {
        "name": "t > 1200 ms",
        "count": 0,
        "percentage": 0
    },
    "group4": {
        "name": "failed",
        "count": 0,
        "percentage": 0
    },
    "meanNumberOfRequestsPerSecond": {
        "total": 8.827433628318584,
        "ok": 8.827433628318584,
        "ko": 0
    }
}
    },"req_send-message-747c6": {
        "type": "REQUEST",
        "name": "Send message",
"path": "Send message",
"pathFormatted": "req_send-message-747c6",
"stats": {
    "name": "Send message",
    "numberOfRequests": {
        "total": 199500,
        "ok": 199500,
        "ko": 0
    },
    "minResponseTime": {
        "total": 0,
        "ok": 0,
        "ko": 0
    },
    "maxResponseTime": {
        "total": 0,
        "ok": 0,
        "ko": 0
    },
    "meanResponseTime": {
        "total": 0,
        "ok": 0,
        "ko": 0
    },
    "standardDeviation": {
        "total": 0,
        "ok": 0,
        "ko": 0
    },
    "percentiles1": {
        "total": 0,
        "ok": 0,
        "ko": 0
    },
    "percentiles2": {
        "total": 0,
        "ok": 0,
        "ko": 0
    },
    "percentiles3": {
        "total": 0,
        "ok": 0,
        "ko": 0
    },
    "percentiles4": {
        "total": 0,
        "ok": 0,
        "ko": 0
    },
    "group1": {
        "name": "t < 800 ms",
        "count": 199500,
        "percentage": 100
    },
    "group2": {
        "name": "800 ms < t < 1200 ms",
        "count": 0,
        "percentage": 0
    },
    "group3": {
        "name": "t > 1200 ms",
        "count": 0,
        "percentage": 0
    },
    "group4": {
        "name": "failed",
        "count": 0,
        "percentage": 0
    },
    "meanNumberOfRequestsPerSecond": {
        "total": 882.7433628318585,
        "ok": 882.7433628318585,
        "ko": 0
    }
}
    },"req_close-ws-0b669": {
        "type": "REQUEST",
        "name": "Close WS",
"path": "Close WS",
"pathFormatted": "req_close-ws-0b669",
"stats": {
    "name": "Close WS",
    "numberOfRequests": {
        "total": 1995,
        "ok": 1995,
        "ko": 0
    },
    "minResponseTime": {
        "total": 0,
        "ok": 0,
        "ko": 0
    },
    "maxResponseTime": {
        "total": 168,
        "ok": 168,
        "ko": 0
    },
    "meanResponseTime": {
        "total": 4,
        "ok": 4,
        "ko": 0
    },
    "standardDeviation": {
        "total": 13,
        "ok": 13,
        "ko": 0
    },
    "percentiles1": {
        "total": 1,
        "ok": 1,
        "ko": 0
    },
    "percentiles2": {
        "total": 2,
        "ok": 2,
        "ko": 0
    },
    "percentiles3": {
        "total": 18,
        "ok": 18,
        "ko": 0
    },
    "percentiles4": {
        "total": 73,
        "ok": 73,
        "ko": 0
    },
    "group1": {
        "name": "t < 800 ms",
        "count": 1995,
        "percentage": 100
    },
    "group2": {
        "name": "800 ms < t < 1200 ms",
        "count": 0,
        "percentage": 0
    },
    "group3": {
        "name": "t > 1200 ms",
        "count": 0,
        "percentage": 0
    },
    "group4": {
        "name": "failed",
        "count": 0,
        "percentage": 0
    },
    "meanNumberOfRequestsPerSecond": {
        "total": 8.827433628318584,
        "ok": 8.827433628318584,
        "ko": 0
    }
}
    }
}

}