{
    "name": "Global Information",
    "numberOfRequests": {
        "total": 5000,
        "ok": 5000,
        "ko": 0
    },
    "minResponseTime": {
        "total": 0,
        "ok": 0,
        "ko": 0
    },
    "maxResponseTime": {
        "total": 2881,
        "ok": 2881,
        "ko": 0
    },
    "meanResponseTime": {
        "total": 246,
        "ok": 246,
        "ko": 0
    },
    "standardDeviation": {
        "total": 617,
        "ok": 617,
        "ko": 0
    },
    "percentiles1": {
        "total": 3,
        "ok": 3,
        "ko": 0
    },
    "percentiles2": {
        "total": 20,
        "ok": 20,
        "ko": 0
    },
    "percentiles3": {
        "total": 2049,
        "ok": 2049,
        "ko": 0
    },
    "percentiles4": {
        "total": 2614,
        "ok": 2614,
        "ko": 0
    },
    "group1": {
        "name": "t < 800 ms",
        "count": 4414,
        "percentage": 88
    },
    "group2": {
        "name": "800 ms < t < 1200 ms",
        "count": 175,
        "percentage": 4
    },
    "group3": {
        "name": "t > 1200 ms",
        "count": 411,
        "percentage": 8
    },
    "group4": {
        "name": "failed",
        "count": 0,
        "percentage": 0
    },
    "meanNumberOfRequestsPerSecond": {
        "total": 40.32258064516129,
        "ok": 40.32258064516129,
        "ko": 0
    }
}