{
  "type": "GROUP",
"name": "Global Information",
"path": "",
"pathFormatted": "group_missing-name-b06d1",
"stats": {
    "name": "Global Information",
    "numberOfRequests": {
        "total": 5000,
        "ok": 5000,
        "ko": 0
    },
    "minResponseTime": {
        "total": 0,
        "ok": 0,
        "ko": 0
    },
    "maxResponseTime": {
        "total": 2881,
        "ok": 2881,
        "ko": 0
    },
    "meanResponseTime": {
        "total": 246,
        "ok": 246,
        "ko": 0
    },
    "standardDeviation": {
        "total": 617,
        "ok": 617,
        "ko": 0
    },
    "percentiles1": {
        "total": 3,
        "ok": 3,
        "ko": 0
    },
    "percentiles2": {
        "total": 20,
        "ok": 20,
        "ko": 0
    },
    "percentiles3": {
        "total": 2049,
        "ok": 2049,
        "ko": 0
    },
    "percentiles4": {
        "total": 2614,
        "ok": 2614,
        "ko": 0
    },
    "group1": {
        "name": "t < 800 ms",
        "count": 4414,
        "percentage": 88
    },
    "group2": {
        "name": "800 ms < t < 1200 ms",
        "count": 175,
        "percentage": 4
    },
    "group3": {
        "name": "t > 1200 ms",
        "count": 411,
        "percentage": 8
    },
    "group4": {
        "name": "failed",
        "count": 0,
        "percentage": 0
    },
    "meanNumberOfRequestsPerSecond": {
        "total": 40.32258064516129,
        "ok": 40.32258064516129,
        "ko": 0
    }
},
"contents": {
"req_open-websocket-ae989": {
        "type": "REQUEST",
        "name": "Open websocket",
"path": "Open websocket",
"pathFormatted": "req_open-websocket-ae989",
"stats": {
    "name": "Open websocket",
    "numberOfRequests": {
        "total": 2500,
        "ok": 2500,
        "ko": 0
    },
    "minResponseTime": {
        "total": 2,
        "ok": 2,
        "ko": 0
    },
    "maxResponseTime": {
        "total": 2881,
        "ok": 2881,
        "ko": 0
    },
    "meanResponseTime": {
        "total": 394,
        "ok": 394,
        "ko": 0
    },
    "standardDeviation": {
        "total": 800,
        "ok": 800,
        "ko": 0
    },
    "percentiles1": {
        "total": 6,
        "ok": 6,
        "ko": 0
    },
    "percentiles2": {
        "total": 157,
        "ok": 157,
        "ko": 0
    },
    "percentiles3": {
        "total": 2422,
        "ok": 2422,
        "ko": 0
    },
    "percentiles4": {
        "total": 2779,
        "ok": 2779,
        "ko": 0
    },
    "group1": {
        "name": "t < 800 ms",
        "count": 2060,
        "percentage": 82
    },
    "group2": {
        "name": "800 ms < t < 1200 ms",
        "count": 70,
        "percentage": 3
    },
    "group3": {
        "name": "t > 1200 ms",
        "count": 370,
        "percentage": 15
    },
    "group4": {
        "name": "failed",
        "count": 0,
        "percentage": 0
    },
    "meanNumberOfRequestsPerSecond": {
        "total": 20.161290322580644,
        "ok": 20.161290322580644,
        "ko": 0
    }
}
    },"req_close-ws-0b669": {
        "type": "REQUEST",
        "name": "Close WS",
"path": "Close WS",
"pathFormatted": "req_close-ws-0b669",
"stats": {
    "name": "Close WS",
    "numberOfRequests": {
        "total": 2500,
        "ok": 2500,
        "ko": 0
    },
    "minResponseTime": {
        "total": 0,
        "ok": 0,
        "ko": 0
    },
    "maxResponseTime": {
        "total": 1697,
        "ok": 1697,
        "ko": 0
    },
    "meanResponseTime": {
        "total": 99,
        "ok": 99,
        "ko": 0
    },
    "standardDeviation": {
        "total": 281,
        "ok": 281,
        "ko": 0
    },
    "percentiles1": {
        "total": 2,
        "ok": 2,
        "ko": 0
    },
    "percentiles2": {
        "total": 6,
        "ok": 6,
        "ko": 0
    },
    "percentiles3": {
        "total": 865,
        "ok": 865,
        "ko": 0
    },
    "percentiles4": {
        "total": 1339,
        "ok": 1339,
        "ko": 0
    },
    "group1": {
        "name": "t < 800 ms",
        "count": 2354,
        "percentage": 94
    },
    "group2": {
        "name": "800 ms < t < 1200 ms",
        "count": 105,
        "percentage": 4
    },
    "group3": {
        "name": "t > 1200 ms",
        "count": 41,
        "percentage": 2
    },
    "group4": {
        "name": "failed",
        "count": 0,
        "percentage": 0
    },
    "meanNumberOfRequestsPerSecond": {
        "total": 20.161290322580644,
        "ok": 20.161290322580644,
        "ko": 0
    }
}
    }
}

}