{
    "name": "Global Information",
    "numberOfRequests": {
        "total": 208000,
        "ok": 208000,
        "ko": 0
    },
    "minResponseTime": {
        "total": 0,
        "ok": 0,
        "ko": 0
    },
    "maxResponseTime": {
        "total": 3776,
        "ok": 3776,
        "ko": 0
    },
    "meanResponseTime": {
        "total": 8,
        "ok": 8,
        "ko": 0
    },
    "standardDeviation": {
        "total": 129,
        "ok": 129,
        "ko": 0
    },
    "percentiles1": {
        "total": 0,
        "ok": 0,
        "ko": 0
    },
    "percentiles2": {
        "total": 0,
        "ok": 0,
        "ko": 0
    },
    "percentiles3": {
        "total": 0,
        "ok": 0,
        "ko": 0
    },
    "percentiles4": {
        "total": 4,
        "ok": 4,
        "ko": 0
    },
    "group1": {
        "name": "t < 800 ms",
        "count": 207177,
        "percentage": 100
    },
    "group2": {
        "name": "800 ms < t < 1200 ms",
        "count": 100,
        "percentage": 0
    },
    "group3": {
        "name": "t > 1200 ms",
        "count": 723,
        "percentage": 0
    },
    "group4": {
        "name": "failed",
        "count": 0,
        "percentage": 0
    },
    "meanNumberOfRequestsPerSecond": {
        "total": 1118.279569892473,
        "ok": 1118.279569892473,
        "ko": 0
    }
}