{
  "type": "GROUP",
"name": "Global Information",
"path": "",
"pathFormatted": "group_missing-name-b06d1",
"stats": {
    "name": "Global Information",
    "numberOfRequests": {
        "total": 208000,
        "ok": 208000,
        "ko": 0
    },
    "minResponseTime": {
        "total": 0,
        "ok": 0,
        "ko": 0
    },
    "maxResponseTime": {
        "total": 3776,
        "ok": 3776,
        "ko": 0
    },
    "meanResponseTime": {
        "total": 8,
        "ok": 8,
        "ko": 0
    },
    "standardDeviation": {
        "total": 129,
        "ok": 129,
        "ko": 0
    },
    "percentiles1": {
        "total": 0,
        "ok": 0,
        "ko": 0
    },
    "percentiles2": {
        "total": 0,
        "ok": 0,
        "ko": 0
    },
    "percentiles3": {
        "total": 0,
        "ok": 0,
        "ko": 0
    },
    "percentiles4": {
        "total": 4,
        "ok": 4,
        "ko": 0
    },
    "group1": {
        "name": "t < 800 ms",
        "count": 207177,
        "percentage": 100
    },
    "group2": {
        "name": "800 ms < t < 1200 ms",
        "count": 100,
        "percentage": 0
    },
    "group3": {
        "name": "t > 1200 ms",
        "count": 723,
        "percentage": 0
    },
    "group4": {
        "name": "failed",
        "count": 0,
        "percentage": 0
    },
    "meanNumberOfRequestsPerSecond": {
        "total": 1118.279569892473,
        "ok": 1118.279569892473,
        "ko": 0
    }
},
"contents": {
"req_open-websocket-ae989": {
        "type": "REQUEST",
        "name": "Open websocket",
"path": "Open websocket",
"pathFormatted": "req_open-websocket-ae989",
"stats": {
    "name": "Open websocket",
    "numberOfRequests": {
        "total": 2000,
        "ok": 2000,
        "ko": 0
    },
    "minResponseTime": {
        "total": 2,
        "ok": 2,
        "ko": 0
    },
    "maxResponseTime": {
        "total": 3776,
        "ok": 3776,
        "ko": 0
    },
    "meanResponseTime": {
        "total": 849,
        "ok": 849,
        "ko": 0
    },
    "standardDeviation": {
        "total": 1012,
        "ok": 1012,
        "ko": 0
    },
    "percentiles1": {
        "total": 131,
        "ok": 131,
        "ko": 0
    },
    "percentiles2": {
        "total": 1714,
        "ok": 1714,
        "ko": 0
    },
    "percentiles3": {
        "total": 2704,
        "ok": 2704,
        "ko": 0
    },
    "percentiles4": {
        "total": 3282,
        "ok": 3282,
        "ko": 0
    },
    "group1": {
        "name": "t < 800 ms",
        "count": 1177,
        "percentage": 59
    },
    "group2": {
        "name": "800 ms < t < 1200 ms",
        "count": 100,
        "percentage": 5
    },
    "group3": {
        "name": "t > 1200 ms",
        "count": 723,
        "percentage": 36
    },
    "group4": {
        "name": "failed",
        "count": 0,
        "percentage": 0
    },
    "meanNumberOfRequestsPerSecond": {
        "total": 10.75268817204301,
        "ok": 10.75268817204301,
        "ko": 0
    }
}
    },"req_connect-via-sto-aa02d": {
        "type": "REQUEST",
        "name": "Connect via STOMP",
"path": "Connect via STOMP",
"pathFormatted": "req_connect-via-sto-aa02d",
"stats": {
    "name": "Connect via STOMP",
    "numberOfRequests": {
        "total": 2000,
        "ok": 2000,
        "ko": 0
    },
    "minResponseTime": {
        "total": 0,
        "ok": 0,
        "ko": 0
    },
    "maxResponseTime": {
        "total": 0,
        "ok": 0,
        "ko": 0
    },
    "meanResponseTime": {
        "total": 0,
        "ok": 0,
        "ko": 0
    },
    "standardDeviation": {
        "total": 0,
        "ok": 0,
        "ko": 0
    },
    "percentiles1": {
        "total": 0,
        "ok": 0,
        "ko": 0
    },
    "percentiles2": {
        "total": 0,
        "ok": 0,
        "ko": 0
    },
    "percentiles3": {
        "total": 0,
        "ok": 0,
        "ko": 0
    },
    "percentiles4": {
        "total": 0,
        "ok": 0,
        "ko": 0
    },
    "group1": {
        "name": "t < 800 ms",
        "count": 2000,
        "percentage": 100
    },
    "group2": {
        "name": "800 ms < t < 1200 ms",
        "count": 0,
        "percentage": 0
    },
    "group3": {
        "name": "t > 1200 ms",
        "count": 0,
        "percentage": 0
    },
    "group4": {
        "name": "failed",
        "count": 0,
        "percentage": 0
    },
    "meanNumberOfRequestsPerSecond": {
        "total": 10.75268817204301,
        "ok": 10.75268817204301,
        "ko": 0
    }
}
    },"req_subscribe-b2691": {
        "type": "REQUEST",
        "name": "Subscribe",
"path": "Subscribe",
"pathFormatted": "req_subscribe-b2691",
"stats": {
    "name": "Subscribe",
    "numberOfRequests": {
        "total": 2000,
        "ok": 2000,
        "ko": 0
    },
    "minResponseTime": {
        "total": 0,
        "ok": 0,
        "ko": 0
    },
    "maxResponseTime": {
        "total": 0,
        "ok": 0,
        "ko": 0
    },
    "meanResponseTime": {
        "total": 0,
        "ok": 0,
        "ko": 0
    },
    "standardDeviation": {
        "total": 0,
        "ok": 0,
        "ko": 0
    },
    "percentiles1": {
        "total": 0,
        "ok": 0,
        "ko": 0
    },
    "percentiles2": {
        "total": 0,
        "ok": 0,
        "ko": 0
    },
    "percentiles3": {
        "total": 0,
        "ok": 0,
        "ko": 0
    },
    "percentiles4": {
        "total": 0,
        "ok": 0,
        "ko": 0
    },
    "group1": {
        "name": "t < 800 ms",
        "count": 2000,
        "percentage": 100
    },
    "group2": {
        "name": "800 ms < t < 1200 ms",
        "count": 0,
        "percentage": 0
    },
    "group3": {
        "name": "t > 1200 ms",
        "count": 0,
        "percentage": 0
    },
    "group4": {
        "name": "failed",
        "count": 0,
        "percentage": 0
    },
    "meanNumberOfRequestsPerSecond": {
        "total": 10.75268817204301,
        "ok": 10.75268817204301,
        "ko": 0
    }
}
    },"req_send-message-747c6": {
        "type": "REQUEST",
        "name": "Send message",
"path": "Send message",
"pathFormatted": "req_send-message-747c6",
"stats": {
    "name": "Send message",
    "numberOfRequests": {
        "total": 200000,
        "ok": 200000,
        "ko": 0
    },
    "minResponseTime": {
        "total": 0,
        "ok": 0,
        "ko": 0
    },
    "maxResponseTime": {
        "total": 0,
        "ok": 0,
        "ko": 0
    },
    "meanResponseTime": {
        "total": 0,
        "ok": 0,
        "ko": 0
    },
    "standardDeviation": {
        "total": 0,
        "ok": 0,
        "ko": 0
    },
    "percentiles1": {
        "total": 0,
        "ok": 0,
        "ko": 0
    },
    "percentiles2": {
        "total": 0,
        "ok": 0,
        "ko": 0
    },
    "percentiles3": {
        "total": 0,
        "ok": 0,
        "ko": 0
    },
    "percentiles4": {
        "total": 0,
        "ok": 0,
        "ko": 0
    },
    "group1": {
        "name": "t < 800 ms",
        "count": 200000,
        "percentage": 100
    },
    "group2": {
        "name": "800 ms < t < 1200 ms",
        "count": 0,
        "percentage": 0
    },
    "group3": {
        "name": "t > 1200 ms",
        "count": 0,
        "percentage": 0
    },
    "group4": {
        "name": "failed",
        "count": 0,
        "percentage": 0
    },
    "meanNumberOfRequestsPerSecond": {
        "total": 1075.268817204301,
        "ok": 1075.268817204301,
        "ko": 0
    }
}
    },"req_close-ws-0b669": {
        "type": "REQUEST",
        "name": "Close WS",
"path": "Close WS",
"pathFormatted": "req_close-ws-0b669",
"stats": {
    "name": "Close WS",
    "numberOfRequests": {
        "total": 2000,
        "ok": 2000,
        "ko": 0
    },
    "minResponseTime": {
        "total": 0,
        "ok": 0,
        "ko": 0
    },
    "maxResponseTime": {
        "total": 40,
        "ok": 40,
        "ko": 0
    },
    "meanResponseTime": {
        "total": 3,
        "ok": 3,
        "ko": 0
    },
    "standardDeviation": {
        "total": 5,
        "ok": 5,
        "ko": 0
    },
    "percentiles1": {
        "total": 2,
        "ok": 2,
        "ko": 0
    },
    "percentiles2": {
        "total": 4,
        "ok": 4,
        "ko": 0
    },
    "percentiles3": {
        "total": 11,
        "ok": 11,
        "ko": 0
    },
    "percentiles4": {
        "total": 28,
        "ok": 28,
        "ko": 0
    },
    "group1": {
        "name": "t < 800 ms",
        "count": 2000,
        "percentage": 100
    },
    "group2": {
        "name": "800 ms < t < 1200 ms",
        "count": 0,
        "percentage": 0
    },
    "group3": {
        "name": "t > 1200 ms",
        "count": 0,
        "percentage": 0
    },
    "group4": {
        "name": "failed",
        "count": 0,
        "percentage": 0
    },
    "meanNumberOfRequestsPerSecond": {
        "total": 10.75268817204301,
        "ok": 10.75268817204301,
        "ko": 0
    }
}
    }
}

}